Style,Standard
Append Mode,1
Fill Mode,1
Capacity,100000
Count,91
Base Time Seconds,1790301302
Base Time Fractional,.104233480
Base Time,09/25/2026 01:55:02.104233480
Reading,Unit,Range Digits,Disp Digits,Math,Start Group,Limit1 High,Limit1 Low,Limit2 High,Limit2 Low,Terminal,Questionable,Origin,Value,Unit,Digits,Output,Sense,Source Limit,Overtemp,Relative Time
0.00491039082408,Volt DC,.01,5.5,F,F,F,F,F,F,Front,F,Main,0.0099998777732,Amp DC,.1,T,4W,F,F,0.000000000
0.005400932393968,Volt DC,.01,5.5,F,F,F,F,F,F,Front,F,Main,0.0109996432438,Amp DC,.1,T,4W,F,F,0.070485340
0.005891567096114,Volt DC,.01,5.5,F,F,F,F,F,F,Front,F,Main,0.0119998399168,Amp DC,.1,T,4W,F,F,0.140963180
0.006382391322404,Volt DC,.01,5.5,F,F,F,F,F,F,Front,F,Main,0.0129997907206,Amp DC,.1,T,4W,F,F,0.211439920
0.006872745230794,Volt DC,.01,5.5,F,F,F,F,F,F,Front,F,Main,0.0139997471124,Amp DC,.1,T,4W,F,F,0.281919200
0.00736378133297,Volt DC,.01,5.5,F,F,F,F,F,F,Front,F,Main,0.0149998161942,Amp DC,.1,T,4W,F,F,0.352402320
0.00785471778363,Volt DC,.01,5.5,F,F,F,F,F,F,Front,F,Main,0.0159999076277,Amp DC,.1,T,4W,F,F,0.422899640
0.008345040492713,Volt DC,.01,5.5,F,F,F,F,F,F,Front,F,Main,0.0169997978956,Amp DC,.1,T,4W,F,F,0.493367660
0.008836533874273,Volt DC,.01,5.5,F,F,F,F,F,F,Front,F,Main,0.0179998204112,Amp DC,.1,T,4W,F,F,0.563840880
0.009326784871519,Volt DC,.01,5.5,F,F,F,F,F,F,Front,F,Main,0.0189999453723,Amp DC,.1,T,4W,F,F,0.634317560
0.009817379526794,Volt DC,.01,5.5,F,F,F,F,F,F,Front,F,Main,0.0200000423938,Amp DC,.1,T,4W,F,F,0.704779900
0.01030823029578,Volt DC,.01,5.5,F,F,F,F,F,F,Front,F,Main,0.0209999755025,Amp DC,.1,T,4W,F,F,0.775244120
0.0107990372926,Volt DC,.01,5.5,F,F,F,F,F,F,Front,F,Main,0.0220001563430,Amp DC,.1,T,4W,F,F,0.845710300
0.0112900454551,Volt DC,.01,5.5,F,F,F,F,F,F,Front,F,Main,0.0230001769960,Amp DC,.1,T,4W,F,F,0.916201360
0.01178067550063,Volt DC,.01,5.5,F,F,F,F,F,F,Front,F,Main,0.0240000970662,Amp DC,.1,T,4W,F,F,0.986684300
0.01227177958935,Volt DC,.01,5.5,F,F,F,F,F,F,Front,F,Main,0.0250001456589,Amp DC,.1,T,4W,F,F,1.057161100
0.01276182942092,Volt DC,.01,5.5,F,F,F,F,F,F,Front,F,Main,0.0260000824928,Amp DC,.1,T,4W,F,F,1.127634020
0.01325238402933,Volt DC,.01,5.5,F,F,F,F,F,F,Front,F,Main,0.0270000938326,Amp DC,.1,T,4W,F,F,1.198108180
0.01374304015189,Volt DC,.01,5.5,F,F,F,F,F,F,Front,F,Main,0.0280002541840,Amp DC,.1,T,4W,F,F,1.268583440
0.01423404086381,Volt DC,.01,5.5,F,F,F,F,F,F,Front,F,Main,0.0290002580732,Amp DC,.1,T,4W,F,F,1.339064740
0.01472456566989,Volt DC,.01,5.5,F,F,F,F,F,F,Front,F,Main,0.0300000458956,Amp DC,.1,T,4W,F,F,1.409529980
0.0152153968811,Volt DC,.01,5.5,F,F,F,F,F,F,Front,F,Main,0.0310003645718,Amp DC,.1,T,4W,F,F,1.479990920
0.01570609584451,Volt DC,.01,5.5,F,F,F,F,F,F,Front,F,Main,0.0320002920926,Amp DC,.1,T,4W,F,F,1.550480860
0.01619683392346,Volt DC,.01,5.5,F,F,F,F,F,F,Front,F,Main,0.0330000333488,Amp DC,.1,T,4W,F,F,1.620962740
0.01668785326183,Volt DC,.01,5.5,F,F,F,F,F,F,Front,F,Main,0.0340002477169,Amp DC,.1,T,4W,F,F,1.691435760
0.01717806980014,Volt DC,.01,5.5,F,F,F,F,F,F,Front,F,Main,0.0350001305342,Amp DC,.1,T,4W,F,F,1.761911540
0.01766852475703,Volt DC,.01,5.5,F,F,F,F,F,F,Front,F,Main,0.0360000953078,Amp DC,.1,T,4W,F,F,1.832410740
0.0181596595794,Volt DC,.01,5.5,F,F,F,F,F,F,Front,F,Main,0.0369999706745,Amp DC,.1,T,4W,F,F,1.902912640
0.0186505895108,Volt DC,.01,5.5,F,F,F,F,F,F,Front,F,Main,0.0380001999438,Amp DC,.1,T,4W,F,F,1.973409500
0.01914136856794,Volt DC,.01,5.5,F,F,F,F,F,F,Front,F,Main,0.0390000119805,Amp DC,.1,T,4W,F,F,2.043928140
0.01963172480464,Volt DC,.01,5.5,F,F,F,F,F,F,Front,F,Main,0.0400000922382,Amp DC,.1,T,4W,F,F,2.114417060
0.02012299187481,Volt DC,.01,5.5,F,F,F,F,F,F,Front,F,Main,0.0410000644624,Amp DC,.1,T,4W,F,F,2.184918860
0.02061259560287,Volt DC,.01,5.5,F,F,F,F,F,F,Front,F,Main,0.0420001782477,Amp DC,.1,T,4W,F,F,2.255404620
0.02109028398991,Volt DC,.1,5.5,F,F,F,F,F,F,Front,F,Main,0.0429997369647,Amp DC,.1,T,4W,F,F,2.473810140
0.02158204838634,Volt DC,.1,5.5,F,F,F,F,F,F,Front,F,Main,0.0440000854433,Amp DC,.1,T,4W,F,F,2.544321440
0.02207255549729,Volt DC,.1,5.5,F,F,F,F,F,F,Front,F,Main,0.0449998192489,Amp DC,.1,T,4W,F,F,2.614817840
0.02256295830011,Volt DC,.1,5.5,F,F,F,F,F,F,Front,F,Main,0.0459999516606,Amp DC,.1,T,4W,F,F,2.685315340
0.02305331639946,Volt DC,.1,5.5,F,F,F,F,F,F,Front,F,Main,0.0469998605549,Amp DC,.1,T,4W,F,F,2.755799440
0.02354464121163,Volt DC,.1,5.5,F,F,F,F,F,F,Front,F,Main,0.0479999296367,Amp DC,.1,T,4W,F,F,2.826276780
0.02403587661684,Volt DC,.1,5.5,F,F,F,F,F,F,Front,F,Main,0.0489995777607,Amp DC,.1,T,4W,F,F,2.896753940
0.02452737651765,Volt DC,.1,5.5,F,F,F,F,F,F,Front,F,Main,0.0499999523163,Amp DC,.1,T,4W,F,F,2.967239040
0.02501747384667,Volt DC,.1,5.5,F,F,F,F,F,F,Front,F,Main,0.0509997755289,Amp DC,.1,T,4W,F,F,3.037733140
0.02550854720175,Volt DC,.1,5.5,F,F,F,F,F,F,Front,F,Main,0.0519995763898,Amp DC,.1,T,4W,F,F,3.108219560
0.02599865011871,Volt DC,.1,5.5,F,F,F,F,F,F,Front,F,Main,0.0529996939003,Amp DC,.1,T,4W,F,F,3.178714040
0.02648833207786,Volt DC,.1,5.5,F,F,F,F,F,F,Front,F,Main,0.0539996586740,Amp DC,.1,T,4W,F,F,3.249199100
0.02697898820043,Volt DC,.1,5.5,F,F,F,F,F,F,Front,F,Main,0.0549994595349,Amp DC,.1,T,4W,F,F,3.319713140
0.02747101522982,Volt DC,.1,5.5,F,F,F,F,F,F,Front,F,Main,0.0559997186065,Amp DC,.1,T,4W,F,F,3.390220800
0.02796057984233,Volt DC,.1,5.5,F,F,F,F,F,F,Front,F,Main,0.0569995753467,Amp DC,.1,T,4W,F,F,3.460713860
0.02845123037696,Volt DC,.1,5.5,F,F,F,F,F,F,Front,F,Main,0.0579995065928,Amp DC,.1,T,4W,F,F,3.531209520
0.02894244715571,Volt DC,.1,5.5,F,F,F,F,F,F,Front,F,Main,0.0589994080365,Amp DC,.1,T,4W,F,F,3.601688840
0.02943366020918,Volt DC,.1,5.5,F,F,F,F,F,F,Front,F,Main,0.0599996671081,Amp DC,.1,T,4W,F,F,3.672157860
0.02992390841246,Volt DC,.1,5.5,F,F,F,F,F,F,Front,F,Main,0.0609997585416,Amp DC,.1,T,4W,F,F,3.742632780
0.03041509725153,Volt DC,.1,5.5,F,F,F,F,F,F,Front,F,Main,0.0619994513690,Amp DC,.1,T,4W,F,F,3.813115860
0.03090616874397,Volt DC,.1,5.5,F,F,F,F,F,F,Front,F,Main,0.0629996657372,Amp DC,.1,T,4W,F,F,3.883612660
0.0313953012228,Volt DC,.1,5.5,F,F,F,F,F,F,Front,F,Main,0.0639996230602,Amp DC,.1,T,4W,F,F,3.954110240
0.03188639506698,Volt DC,.1,5.5,F,F,F,F,F,F,Front,F,Main,0.0649994984269,Amp DC,.1,T,4W,F,F,4.024599680
0.0323767773807,Volt DC,.1,5.5,F,F,F,F,F,F,Front,F,Main,0.0659995004535,Amp DC,.1,T,4W,F,F,4.095087100
0.03286674618721,Volt DC,.1,5.5,F,F,F,F,F,F,Front,F,Main,0.0669994205236,Amp DC,.1,T,4W,F,F,4.165586320
0.03335892036557,Volt DC,.1,5.5,F,F,F,F,F,F,Front,F,Main,0.0679994896054,Amp DC,.1,T,4W,F,F,4.236083620
0.03385023027658,Volt DC,.1,5.5,F,F,F,F,F,F,Front,F,Main,0.0689993724227,Amp DC,.1,T,4W,F,F,4.306589120
0.03434017300606,Volt DC,.1,5.5,F,F,F,F,F,F,Front,F,Main,0.0699992030859,Amp DC,.1,T,4W,F,F,4.377100500
0.03483138233423,Volt DC,.1,5.5,F,F,F,F,F,F,Front,F,Main,0.0709989443421,Amp DC,.1,T,4W,F,F,4.447591480
0.03532261028886,Volt DC,.1,5.5,F,F,F,F,F,F,Front,F,Main,0.0719995051622,Amp DC,.1,T,4W,F,F,4.518066380
0.03581286966801,Volt DC,.1,5.5,F,F,F,F,F,F,Front,F,Main,0.0729991197586,Amp DC,.1,T,4W,F,F,4.588532960
0.03630325943232,Volt DC,.1,5.5,F,F,F,F,F,F,Front,F,Main,0.0739991664886,Amp DC,.1,T,4W,F,F,4.659015860
0.03679405525327,Volt DC,.1,5.5,F,F,F,F,F,F,Front,F,Main,0.0749991983175,Amp DC,.1,T,4W,F,F,4.729497820
0.03728481754661,Volt DC,.1,5.5,F,F,F,F,F,F,Front,F,Main,0.0759992524981,Amp DC,.1,T,4W,F,F,4.799988580
0.03777519240975,Volt DC,.1,5.5,F,F,F,F,F,F,Front,F,Main,0.0769988000393,Amp DC,.1,T,4W,F,F,4.870462200
0.03826597705483,Volt DC,.1,5.5,F,F,F,F,F,F,Front,F,Main,0.0779989436269,Amp DC,.1,T,4W,F,F,4.940941620
0.03875664249063,Volt DC,.1,5.5,F,F,F,F,F,F,Front,F,Main,0.0789990127087,Amp DC,.1,T,4W,F,F,5.011415620
0.03924702480435,Volt DC,.1,5.5,F,F,F,F,F,F,Front,F,Main,0.0799992606044,Amp DC,.1,T,4W,F,F,5.081919820
0.03973725065589,Volt DC,.1,5.5,F,F,F,F,F,F,Front,F,Main,0.0809988453984,Amp DC,.1,T,4W,F,F,5.152415380
0.04022970050573,Volt DC,.1,5.5,F,F,F,F,F,F,Front,F,Main,0.0819991379976,Amp DC,.1,T,4W,F,F,5.222906220
0.04071925207973,Volt DC,.1,5.5,F,F,F,F,F,F,Front,F,Main,0.0829987972975,Amp DC,.1,T,4W,F,F,5.293401300
0.04121171683073,Volt DC,.1,5.5,F,F,F,F,F,F,Front,F,Main,0.0839988663793,Amp DC,.1,T,4W,F,F,5.363892260
0.04170154780149,Volt DC,.1,5.5,F,F,F,F,F,F,Front,F,Main,0.0849987491965,Amp DC,.1,T,4W,F,F,5.434375000
0.04219158366323,Volt DC,.1,5.5,F,F,F,F,F,F,Front,F,Main,0.0859987288713,Amp DC,.1,T,4W,F,F,5.504858100
0.04268337786198,Volt DC,.1,5.5,F,F,F,F,F,F,Front,F,Main,0.0869986712933,Amp DC,.1,T,4W,F,F,5.575348260
0.04317322745919,Volt DC,.1,5.5,F,F,F,F,F,F,Front,F,Main,0.0879992321134,Amp DC,.1,T,4W,F,F,5.645827720
0.04366525262594,Volt DC,.1,5.5,F,F,F,F,F,F,Front,F,Main,0.0889988616109,Amp DC,.1,T,4W,F,F,5.716311700
0.04415426030755,Volt DC,.1,5.5,F,F,F,F,F,F,Front,F,Main,0.0899985730648,Amp DC,.1,T,4W,F,F,5.786791020
0.04464574158192,Volt DC,.1,5.5,F,F,F,F,F,F,Front,F,Main,0.0909988880157,Amp DC,.1,T,4W,F,F,5.857275920
0.04513597860932,Volt DC,.1,5.5,F,F,F,F,F,F,Front,F,Main,0.0919988006353,Amp DC,.1,T,4W,F,F,5.927776720
0.04562608152628,Volt DC,.1,5.5,F,F,F,F,F,F,Front,F,Main,0.0929986163974,Amp DC,.1,T,4W,F,F,5.998257180
0.04611701890826,Volt DC,.1,5.5,F,F,F,F,F,F,Front,F,Main,0.0939988940954,Amp DC,.1,T,4W,F,F,6.068749000
0.0466083176434,Volt DC,.1,5.5,F,F,F,F,F,F,Front,F,Main,0.0949989780784,Amp DC,.1,T,4W,F,F,6.139246260
0.04709981009364,Volt DC,.1,5.5,F,F,F,F,F,F,Front,F,Main,0.0959989652038,Amp DC,.1,T,4W,F,F,6.209743960
0.04759074375033,Volt DC,.1,5.5,F,F,F,F,F,F,Front,F,Main,0.0969986170530,Amp DC,.1,T,4W,F,F,6.280223860
0.0480819568038,Volt DC,.1,5.5,F,F,F,F,F,F,Front,F,Main,0.0979987680912,Amp DC,.1,T,4W,F,F,6.350705740
0.04857246205211,Volt DC,.1,5.5,F,F,F,F,F,F,Front,F,Main,0.0989986136556,Amp DC,.1,T,4W,F,F,6.421190040
0.04906297847629,Volt DC,.1,5.5,F,F,F,F,F,F,Front,F,Main,0.0999987497926,Amp DC,.1,T,4W,F,F,6.491670700
